"aston-perleggera",aston-perleggera-1.jpg","aston-perleggera-2.jpg","aston-perleggera-3.jpg","aston-perleggera-4.jpg","aston-perleggera-5.jpg","aston-perleggera-6.jpg","aston-perleggera-7.jpg","aston-perleggera-8.jpg","aston-perleggera-9.jpg","aston-perleggera-10.jpg"
"aston-vantage","aston-vantage-1.jpg","aston-vantage-2.jpg","aston-vantage-3.jpg","aston-vantage-4.jpg","aston-vantage-5.jpg","aston-vantage-6.jpg","aston-vantage-7.jpg","aston-vantage-8.jpg",,
"aston-db11","aston-db11.jpg","aston-db11-2.jpg ","aston-db11-3.jpg","aston-db11-4.jpg","aston-db11-5.jpg","aston-db11-6.jpg","aston-db11-7.jpg","aston-db11-8.jpg","aston-db11-9.jpg","aston-db11-10.jpg"
"aston-rapide","aston-rapide-1.jpg","aston-rapide-2.jpg","aston-rapide-3.jpg","aston-rapide-4.jpg","aston-rapide-5.jpg","aston-rapide-6.jpg","aston-rapide-7.jpg","aston-rapide-8.jpg","aston-rapide-9.jpg","aston-rapide-10.jpg"
"aston-vanquish","aston-vanquish-1.jpg","aston-vanquish-2.jpg","aston-vanquish-3.jpg","aston-vanquish-4.jpg","aston-vanquish-5.jpg","aston-vanquish-6.jpg","aston-vanquish-7.jpg","aston-vanquish-8.jpg","aston-vanquish-9.jpg","aston-vanquish-10.jpg"
"audi-A8","audi-a8-d5-1.jpg","audi-a8-d5-2.jpg","audi-a8-d5-3.jpg","audi-a8-d5-4.jpg","audi-a8-d5-5.jpg","audi-a8-d5-6.jpg","audi-a8-d5-10.jpg","audi-a8-d5-11.jpg","audi-a8-d5-9.jpg","audi-a8-d5-7.jpg"
"audi-A6","audi-a6-c8-1.jpg","audi-a6-c8-2.jpg","audi-a6-c8-3.jpg","audi-a6-c8-4.jpg","audi-a6-c8-5.jpg","audi-a6-c8-6.jpg","audi-a6-c8-7.jpg","audi-a6-c8-8.jpg","audi-a6-c8-11.jpg","audi-a6-c8-10.jpg"
"audi-Q5","audi-q5-1.jpg","audi-q5-2.jpg","audi-q5-3.jpg","audi-q5-4.jpg","audi-q5-5.jpg","audi-q5-6.jpg","audi-q5-7.jpg","audi-q5-8.jpg","audi-q5-9.jpg","audi-q5-10"
"audi-Q7","audi-q7-1.jpg","audi-q7-2.jpg","audi-q7-3.jpg","audi-q7-4.jpg","audi-q7-5.jpg","audi-q7-6.jpg","audi-q7-7.jpg","audi-q7-8.jpg","audi-q7-9",
"audi-R8","audi-r8-1.jpg","audi-r8-2.jpg","audi-r8-3.jpg","audi-r8-4.jpg","audi-r8-5.jpg","audi-r8-6.jpg","audi-r8-7.jpg","audi-r8-8.jpg",,
"audi-RS7","audi-rs7-1.jpg","audi-rs7-2.jpg","audi-rs7-3.jpg","audi-rs7-4.jpg","audi-rs7-5.jpg","audi-rs7-7.jpg","audi-rs7-8.jpg","audi-rs7-9.jpg","audi-rs7-10.jpg","audi-rs7-6.jpg"
"audi-tt","audi-tt-8n-1.jpg","audi-tt-8n-2.jpg","audi-tt-8n-3.jpg","audi-tt-8n-4.jpg","audi-tt-8n-5.jpg","audi-tt-8n-6.jpg","audi-tt-8n-7.jpg","audi-tt-8n-8.jpg","audi-tt-8n-9.jpg","audi-tt-8n-10.jpg"
"audi-sportback","audi-sportback-1.jpg","audi-sportback-2.jpg","audi-sportback-3.jpg","audi-sportback-4.jpg","audi-sportback-5.jpg","audi-sportback-6.jpg","audi-sportback-7.jpg","audi-sportback-8.jpg","audi-sportback-9.jpg","audi-sportback-10.jpg"
"bentley-continental","bentley-continental-1.jpg","bentley-continental-2.jpg","bentley-continental-3.jpg","bentley-continental-4.jpg","bentley-continental-5.jpg","bentley-continental-6.jpg",,,,
"bentley-flying","bentley-flying-1.jpg","bentley-flying-2.jpg","bentley-flying-3.jpg","bentley-flying-4.jpg","bentley-flying-5.jpg","bentley-flying-6.jpg","bentley-flying-7.jpg","bentley-flying-8.jpg","bentley-flying-9.jpg","bentley-flying-10.jpg"
"bentley-bentayga","bentley-bentayga-7.jpg","bentley-bentayga-8.jpg","bentley-bentayga-9.jpg","bentley-bentayga-10.jpg","bentley-bentayga-11.jpg","bentley-bentayga-12.jpg","bentley-bentayga-1.jpg","bentley-bentayga-2.jpg","bentley-bentayga-6.jpg","bentley-bentayga-5.jpg"
"bentley-mulsanne","bentley-mulsanne-1.jpg","bentley-mulsanne-2.jpg","bentley-mulsanne-3.jpg","bentley-mulsanne-4.jpg","bentley-mulsanne-5.jpg","bentley-mulsanne-6.jpg","bentley-mulsanne-7.jpg",,,
"bmw-serie","bmw-serie-7-1.jpg","bmw-serie-7-2.jpg","bmw-serie-7-3.jpg","bmw-serie-7-4.jpg","bmw-serie-7-5.jpg","bmw-serie-7-6.jpg","bmw-serie-7-7.jpg",,,
"bmw-serie 5","bmw-serie-5-1.jpg","bmw-serie-5-2.jpg","bmw-serie-5-3.jpg","bmw-serie-5-4.jpg","bmw-serie-5-5.jpg","bmw-serie-5-6.jpg","bmw-serie-5-7.jpg","bmw-serie-5-8.jpg","bmw-serie-5-9.jpg","bmw-serie-5-10.jpg"
"bmw-x5","bmw-x5-1.jpg","bmw-x5-2.jpg","bmw-x5-3.jpg","bmw-x5-4.jpg","bmw-x5-6.jpg","bmw-x5-7.jpg","bmw-x5-8.jpg","bmw-x5-10.jpg","bmw-x5-11.jpg","bmw-x5-5.jpg"
"bmw-x7","bmw-x7-1.jpg","bmw-x7-2.jpg","bmw-x7-3.jpg","bmw-x7-4.jpg","bmw-x7-5.jpg","bmw-x7-6.jpg","bmw-x7-7.jpg","bmw-x7-8.jpg","bmw-x7-9.jpg",
"bmw-m2","bmw-m2-1.jpg","bmw-m2-2.jpg","bmw-m2-3.jpg","bmw-m2-4.jpg","bmw-m2-5.jpg","bmw-m2-6.jpg","bmw-m2-7.jpg","bmw-m2-8.jpg","bmw-m2-9.jpg","bmw-m2-10.jpg"
"bmw-m5","bmw-m5-1.jpg","bmw-m5-2.jpg","bmw-m5-3.jpg","bmw-m5-4.jpg","bmw-m5-5.jpg","bmw-m5-6.jpg","bmw-m5-7.jpg","bmw-m5-8.jpg","bmw-m5-9.jpg",
"bugatti-chiron","bugatti-chiron-1.jpg","bugatti-chiron-2.jpg","bugatti-chiron-3.jpg","bugatti-chiron-4.jpg","bugatti-chiron-5.jpg","bugatti-chiron-6.jpg","bugatti-chiron-7.jpg","bugatti-chiron-8.jpg",,
"bugatti-divo","bugatti-divo-1.jpg","bugatti-divo-2.jpg","bugatti-divo-3.jpg","bugatti-divo-4.jpg","bugatti-divo-5.jpg","bugatti-divo-6.jpg","bugatti-divo-7.jpg","bugatti-divo-8.jpg","bugatti-divo-9.jpg","bugatti-divo-10.jpg"
"bugatti-centodieci","bugatti-centodieci-1.jpg","bugatti-centodieci-2.jpg","bugatti-centodieci-3.jpg","bugatti-centodieci-4.jpg","bugatti-centodieci-5.jpg","bugatti-centodieci-6.jpg","bugatti-centodieci-7.jpg",,,
"ferrari-superfast","ferrari-812-superfast-1.jpg","ferrari-812-superfast-2.jpg","ferrari-812-superfast-3.jpg","ferrari-812-superfast-4.jpg","ferrari-812-superfast-5.jpg","ferrari-812-superfast-6.jpg","ferrari-812-superfast-7.jpg","ferrari-812-superfast-8.jpg","ferrari-812-superfast-9.jpg","ferrari-812-superfast-10.jpg"
"ferrari-stradale","ferrari-sf90-stradale-1.jpg","ferrari-sf90-stradale-2.jpg","ferrari-sf90-stradale-3.jpg","ferrari-sf90-stradale-4.jpg","ferrari-sf90-stradale-5.jpg","ferrari-sf90-stradale-6.jpg",,,,
"ferrari-spider","ferrari-f8-spider-1.jpg","ferrari-f8-spider-2.jpg","ferrari-f8-spider-3.jpg","ferrari-f8-spider-4.jpg","ferrari-f8-spider-5.jpg","ferrari-f8-spider-6.jpg","ferrari-f8-spider-7.jpg","ferrari-f8-spider-8.jpg","ferrari-f8-spider-9.jpg",
"ferrari-lusso","ferrari-gtc4lusso-1.jpg","ferrari-gtc4lusso-2.jpg","ferrari-gtc4lusso-3.jpj","ferrari-gtc4lusso-4.jpg","ferrari-gtc4lusso-5.jpg","ferrari-gtc4lusso-6.jpg","ferrari-gtc4lusso-7.jpg","ferrari-gtc4lusso-8.jpg","ferrari-gtc4lusso-9.jpg","ferrari-gtc4lusso-10.jpg"
"ferrari-portofino","ferrari-portofino-1.jpg","ferrari-portofino-2.jpg","ferrari-portofino-3.jpg","ferrari-portofino-4.jpg","ferrari-portofino-5.jpg",,,,,
"jaguar-xj","jaguar-xj-1.jpg","jaguar-xj-2.jpg","jaguar-xj-3.jpg","jaguar-xj-4.jpg","jaguar-xj-5.jpg","jaguar-xj-6.jpg","jaguar-xj-7.jpg",,,
"jaguar-type","jaguar-f-type-1.jpg","jaguar-f-type-2.jpg","jaguar-f-type-3.jpg","jaguar-f-type-4.jpg","jaguar-f-type-5.jpg","jaguar-f-type-6.jpg","jaguar-f-type-7.jpg","jaguar-f-type-8.jpg","jaguar-f-type-9.jpg",
"jaguar-e-pace","jaguar-e-pace-1.jpg","jaguar-e-pace-2.jpg","jaguar-e-pace-3.jpg","jaguar-e-pace-4.jpg","jaguar-e-pace-5.jpg","jaguar-e-pace-6.jpg","jaguar-e-pace-7.jpg","jaguar-e-pace-8.jpg","jaguar-e-pace-9.jpg","jaguar-e-pace-10.jpg"
"lamborghini-aventador","lamborghini-aventador-1.jpg","lamborghini-aventador-2.jpg","lamborghini-aventador-3.jpg","lamborghini-aventador-4.jpg","lamborghini-aventador-5.jpg","lamborghini-aventador-6.jpg","lamborghini-aventador-7.jpg",,,
"lamborghini-huracan","lamborghini-huracan-1.jpg","lamborghini-huracan-2.jpg","lamborghini-huracan-3.jpg","lamborghini-huracan-4.jpg","lamborghini-huracan-5.jpg","lamborghini-huracan-6.jpg","lamborghini-huracan-7.jpg","lamborghini-huracan-8.jpg",,
"lamborghini-urus","lamborghini-urus-1.jpg","lamborghini-urus-2.jpg","lamborghini-urus-3.jpg","lamborghini-urus-4.jpg","lamborghini-urus-5.jpg","lamborghini-urus-6.jpg","lamborghini-urus-7.jpg","lamborghini-urus-8.jpg","lamborghini-urus-9.jpg","lamborghini-urus-10.jpg"
"lamborghini-sian","lamborghini-sian-1.jpg","lamborghini-sian-2.jpg","lamborghini-sian-3.jpg","lamborghini-sian-4.jpg","lamborghini-sian-5.jpg","lamborghini-sian-6.jpg","lamborghini-sian-7.jpg","lamborghini-sian-8.jpg","lamborghini-sian-9.jpg",
"lexus-ls","lexus-ls-1.jpg","lexus-ls-2.jpg","lexus-ls-3.jpg","lexus-ls-4.jpg","lexus-ls-5.jpg","lexus-ls-6.jpg","lexus-ls-7.jpg","lexus-ls-8.jpg",,
"lexus-lc","lexus-lc-1.jpg","lexus-lc-2.jpg","lexus-lc-3.jpg","lexus-lc-4.jpg","lexus-lc-5.jpg","lexus-lc-6.jpg","lexus-lc-7.jpg","lexus-lc-8.jpg",,
"lexus-ux","lexus-ux-1.jpg","lexus-ux-2.jpg","lexus-ux-3.jpg","lexus-ux-4.jpg","lexus-ux-5.jpg","lexus-ux-6.jpg","lexus-ux-7.jpg","lexus-ux-8.jpg","lexus-ux-9.jpg","lexus-ux-10.jpg"
"lexus-rx","lexus-rx-1.jpg","lexus-rx-2.jpg","lexus-rx-3.jpg","lexus-rx-4.jpg","lexus-rx-5.jpg","lexus-rx-6.jpg","lexus-rx-7.jpg",,,
"maserati-quattroporte","maserati-quattroporte-1.jpg","maserati-quattroporte-2.jpg","maserati-quattroporte-3.jpg","maserati-quattroporte-4.jpg","maserati-quattroporte-5.jpg","maserati-quattroporte-6.jpg","maserati-quattroporte-7.jpg","maserati-quattroporte-8.jpg","maserati-quattroporte-9.jpg","maserati-quattroporte-10.jpg"
"maserati-ghibli","maserati-ghibli-1.jpg","maserati-ghibli-2.jpg","maserati-ghibli-3.jpg","maserati-ghibli-4.jpg","maserati-ghibli-5.jpg","maserati-ghibli-6.jpg","maserati-ghibli-7.jpg","maserati-ghibli-8.jpg","maserati-ghibli-9.jpg",
"maserati-levante","maserati-levante-1.jpg","maserati-levante-2.jpg","maserati-levante-3.jpg","maserati-levante-4.jpg","maserati-levante-5.jpg","maserati-levante-6.jpg","maserati-levante-7.jpg","maserati-levante-8.jpg",,
"maserati-granturismo","maserati-granturismo-1.jpg","maserati-granturismo-2.jpg","maserati-granturismo-3.jpg","maserati-granturismo-4.jpg","maserati-granturismo-5.jpg","maserati-granturismo-6.jpg","maserati-granturismo-7.jpg","maserati-granturismo-9.jpg","maserati-granturismo-10.jpg","maserati-granturismo-11.jpg"
"maserati-grancabrio","maserati-grancabrio-1.jpg","maserati-grancabrio-2.jpg","maserati-grancabrio-3.jpg","maserati-grancabrio-4.jpg","maserati-grancabrio-5.jpg","maserati-grancabrio-6.jpg","maserati-grancabrio-7.jpg","maserati-grancabrio-8.jpg",,
"mclaren-600lt","mclaren-600lt-1.jpg","mclaren-600lt-2.jpg","mclaren-600lt-3.jpg","mclaren-600lt-4.jpg","mclaren-600lt-5.jpg",,,,,
"mclaren-570s","mclaren-570s-1.jpg","mclaren-570s-2.jpg","mclaren-570s-3.jpg","mclaren-570s-4.jpg","mclaren-570s-5.jpg","mclaren-570s-6.jpg","mclaren-570s-7.jpg","mclaren-570s-8.jpg","mclaren-570s-9.jpg",
"mclaren-gt","mclaren-gt-v8-1.jpg","mclaren-gt-v8-2.jpg","mclaren-gt-v8-3.jpg","mclaren-gt-v8-4.jpg","mclaren-gt-v8-5.jpg","mclaren-gt-v8-6.jpg","mclaren-gt-v8-7.jpg","mclaren-gt-v8-9.jpg","mclaren-gt-v8-10.jpg","mclaren-gt-v8-11.jpg"
"mclaren-senna","mclaren-senna-1.jpg","mclaren-senna-2.jpg","mclaren-senna-3.jpg","mclaren-senna-4.jpg","mclaren-senna-5.jpg","mclaren-senna-6.jpg","mclaren-senna-7.jpg","mclaren-senna-8.jpg","mclaren-senna-9.jpg","mclaren-senna-10.jpg"
"mclaren-speedtail","mclaren-speedtail-1.jpg","mclaren-speedtail-2.jpg","mclaren-speedtail-3.jpg","mclaren-speedtail-4.jpg","mclaren-speedtail-6.jpg","mclaren-speedtail-7.jpg","mclaren-speedtail-8.jpg","mclaren-speedtail-9.jpg","mclaren-speedtail-10.jpg","mclaren-speedtail-11.jpg"
"mercedes-classe","mercedes-classe-s-1.jpg","mercedes-classe-s-2.jpg","mercedes-classe-s-3.jpg","mercedes-classe-s-4.jpg","mercedes-classe-s-5.jpg","mercedes-classe-s-6.jpg","mercedes-classe-s-7.jpg",,,
"mercedes-classe","mercedes-classe-gle-1.jpg","mercedes-classe-gle-2.jpg","mercedes-classe-gle-3.jpg","mercedes-classe-gle-4.jpg","mercedes-classe-gle-5.jpg","mercedes-classe-gle-6.jpg",,,,
"mercedes-classe-glc","mercedes-classe-glc-1.jpg","mercedes-classe-glc-2.jpg","mercedes-classe-glc-3.jpg","mercedes-classe-glc-4.jpg","mercedes-classe-glc-5.jpg","mercedes-classe-glc-6.jpg","mercedes-classe-glc-13.jpg","mercedes-classe-glc-9.jpg","mercedes-classe-glc-8.jpg","mercedes-classe-glc-11.jpg"
"mercedes-amg-gt","mercedes-amg-gt-1.jpg","mercedes-amg-gt-2.jpg","mercedes-amg-gt-3.jpg","mercedes-amg-gt-4.jpg","mercedes-amg-gt-5.jpg","mercedes-amg-gt-6.jpg","mercedes-amg-gt-7.jpg","mercedes-amg-gt-8.jpg","mercedes-amg-gt-9.jpg","mercedes-amg-gt-12.jpg"
"porsche-911","porsche-911-1.jpg","porsche-911-2.jpg","porsche-911-3.jpg","porsche-911-4.jpg","porsche-911-5.jpg","porsche-911-6.jpg","porsche-911-7.jpg","porsche-911-8.jpg",,
"porsche-cayman","porsche-718-cayman-1.jpg","porsche-718-cayman-2.jpg","porsche-718-cayman-3.jpg","porsche-718-cayman-4.jpg","porsche-718-cayman-5.jpg","porsche-718-cayman-6.jpg","porsche-718-cayman-7.jpg","porsche-718-cayman-8.jpg","porsche-718-cayman-9.jpg","porsche-718-cayman-10.jpg"
"porsche-cayenne","porsche-cayenne-1.jpg","porsche-cayenne-2.jpg","porsche-cayenne-3.jpg","porsche-cayenne-4.jpg","porsche-cayenne-5.jpg","porsche-cayenne-6.jpg","porsche-cayenne-7.jpg","porsche-cayenne-8.jpg","porsche-cayenne-9.jpg",
"porsche-macan","porsche-macan-1.jpg","porsche-macan-2.jpg","porsche-macan-3.jpg","porsche-macan-4.jpg","porsche-macan-5.jpg","porsche-macan-6.jpg","porsche-macan-7.jpg","porsche-macan-8.jpg","porsche-macan-9.jpg","porsche-macan-11.jpg"
"porsche-panamera","porsche-panamera-1.jpg","porsche-panamera-2.jpg","porsche-panamera-3.jpg","porsche-panamera-4.jpg","porsche-panamera-5.jpg","porsche-panamera-6.jpg","porsche-panamera-7.jpg","porsche-panamera-8.jpg",,
"porsche-taycan","porsche-taycan-1.jpg","porsche-taycan-2.jpg","porsche-taycan-3.jpg","porsche-taycan-4.jpg","porsche-taycan-5.jpg","porsche-taycan-6.jpg",,,,
"rolls-royce-phantom","rolls-royce-phantom-1.jpg","rolls-royce-phantom-2.jpg","rolls-royce-phantom-3","rolls-royce-phantom-4","rolls-royce-phantom-5","rolls-royce-phantom-6","rolls-royce-phantom-8",,,
"rolls-royce-cullinan","rolls-royce-cullinan-1.jpg","rolls-royce-cullinan-2.jpg","rolls-royce-cullinan-3.jpg","rolls-royce-cullinan-4.jpg","rolls-royce-cullinan-5.jpg","rolls-royce-cullinan-6.jpg","rolls-royce-cullinan-7.jpg","rolls-royce-cullinan-8.jpg",,
"rolls-royce-ghost","rolls-royce-ghost-1.jpg","rolls-royce-ghost-2.jpg","rolls-royce-ghost-3.jpg","rolls-royce-ghost-4.jpg","rolls-royce-ghost-5.jpg","rolls-royce-ghost-6.jpg","rolls-royce-ghost-7.jpg","rolls-royce-ghost-8.jpg","rolls-royce-ghost-9.jpg","rolls-royce-ghost-10.jpg"
"rolls-royce-dawn","rolls-royce-dawn-1.jpg","rolls-royce-dawn-2.jpg","rolls-royce-dawn-3.jpg","rolls-royce-dawn-4.jpg","rolls-royce-dawn-5.jpg","rolls-royce-dawn-6.jpg","rolls-royce-dawn-7.jpg","rolls-royce-dawn-8.jpg","rolls-royce-dawn-9.jpg","rolls-royce-dawn-10.jpg"
"lotus-exige","lotus-exige-1.jpg","lotus-exige-2.jpg","lotus-exige-3.jpg","lotus-exige-4.jpg","lotus-exige-6.jpg","lotus-exige-7.jpg","lotus-exige-8.jpg","lotus-exige-9.jpg","lotus-exige-10.jpg","lotus-exige-11.jpg"
"lotus-elise","lotus-elise-1.jpg","lotus-elise-2.jpg","lotus-elise-3.jpg","lotus-elise-4.jpg","lotus-elise-5.jpg","lotus-elise-6.jpg","lotus-elise-7.jpg","lotus-elise-8.jpg","lotus-elise-9.jpg","lotus-elise-10.jpg"
"jaguar-svr","jaguar-svr-1.jpg","jaguar-svr-2.jpg","jaguar-svr-3.jpg","jaguar-svr-4.jpg","jaguar-svr-5.jpg","jaguar-svr-7.jpg","jaguar-svr-8.jpg","jaguar-svr-9.jpg",,
  
 